{
  "height": 31,
  "width": 72,
  "x": 1101.953125,
  "y": 964.984375
}