{
  "height": 31,
  "width": 50,
  "x": 980.421875,
  "y": 1026.984375
}