{
  "height": 31,
  "width": 72,
  "x": 1109.453125,
  "y": 790.984375
}